customer_id,tenure,contract,monthlycharges,totalcharges,days_since_last_interaction,customer_satisfaction,num_complaints,activity_ratio,engagement_score,recency_score,churn_score,churn_pred,risk_label
CUST0000010437,10,month_to_month,86.83,557.47,1,2.0,3.0,0.5,0.40000000004166664,0.9972677595628415,0.8889,1,AT RISK
CUST0000039125,59,one_year,51.68,2923.06,27,2.0,1.0,0.625,0.4555555555833333,0.9262295081967213,0.8606,1,AT RISK
CUST0000002251,1,month_to_month,99.65,64.62,56,1.0,1.0,0.75,0.5611111111273148,0.8469945355191257,0.8051,1,CRITICAL
CUST0000045193,33,one_year,106.2,3249.11,82,3.0,3.0,0.25,0.405555555599537,0.7759562841530054,0.7976,1,CRITICAL
CUST0000032753,8,month_to_month,87.65,638.21,1,6.0,3.0,0.375,0.5055555555995371,0.9972677595628415,0.7908,1,CRITICAL
